"filename", "language", "JSON with Comments", "TypeScript", "Markdown", "XML", "Docker", "JSON", "YAML", "PostCSS", "HTML", "Java", "MS SQL", "JavaScript", "comment", "blank", "total"
"c:\Users\vikgo\Desktop\Projekt\Fallstudie_Hotel\Dockerfile", "Docker", 0, 0, 0, 0, 10, 0, 0, 0, 0, 0, 0, 0, 3, 2, 15
"c:\Users\vikgo\Desktop\Projekt\Fallstudie_Hotel\README.md", "Markdown", 0, 0, 64, 0, 0, 0, 0, 0, 0, 0, 0, 0, 0, 16, 80
"c:\Users\vikgo\Desktop\Projekt\Fallstudie_Hotel\docker-compose.yml", "YAML", 0, 0, 0, 0, 0, 0, 25, 0, 0, 0, 0, 0, 0, 3, 28
"c:\Users\vikgo\Desktop\Projekt\Fallstudie_Hotel\frontend\index.html", "HTML", 0, 0, 0, 0, 0, 0, 0, 0, 17, 0, 0, 0, 5, 2, 24
"c:\Users\vikgo\Desktop\Projekt\Fallstudie_Hotel\frontend\themes\hotel\styles.css", "PostCSS", 0, 0, 0, 0, 0, 0, 0, 457, 0, 0, 0, 0, 42, 87, 586
"c:\Users\vikgo\Desktop\Projekt\Fallstudie_Hotel\frontend\themes\hotel\views\booking-management.css", "PostCSS", 0, 0, 0, 0, 0, 0, 0, 7, 0, 0, 0, 0, 3, 3, 13
"c:\Users\vikgo\Desktop\Projekt\Fallstudie_Hotel\frontend\themes\hotel\views\card-factory.css", "PostCSS", 0, 0, 0, 0, 0, 0, 0, 85, 0, 0, 0, 0, 8, 17, 110
"c:\Users\vikgo\Desktop\Projekt\Fallstudie_Hotel\frontend\themes\hotel\views\dashboard.css", "PostCSS", 0, 0, 0, 0, 0, 0, 0, 17, 0, 0, 0, 0, 3, 5, 25
"c:\Users\vikgo\Desktop\Projekt\Fallstudie_Hotel\frontend\themes\hotel\views\guest-portal.css", "PostCSS", 0, 0, 0, 0, 0, 0, 0, 302, 0, 0, 0, 0, 15, 51, 368
"c:\Users\vikgo\Desktop\Projekt\Fallstudie_Hotel\frontend\themes\hotel\views\invoice.css", "PostCSS", 0, 0, 0, 0, 0, 0, 0, 13, 0, 0, 0, 0, 3, 5, 21
"c:\Users\vikgo\Desktop\Projekt\Fallstudie_Hotel\frontend\themes\hotel\views\login.css", "PostCSS", 0, 0, 0, 0, 0, 0, 0, 111, 0, 0, 0, 0, 7, 19, 137
"c:\Users\vikgo\Desktop\Projekt\Fallstudie_Hotel\frontend\themes\hotel\views\my-bookings.css", "PostCSS", 0, 0, 0, 0, 0, 0, 0, 123, 0, 0, 0, 0, 7, 26, 156
"c:\Users\vikgo\Desktop\Projekt\Fallstudie_Hotel\frontend\themes\hotel\views\my-reviews.css", "PostCSS", 0, 0, 0, 0, 0, 0, 0, 96, 0, 0, 0, 0, 7, 21, 124
"c:\Users\vikgo\Desktop\Projekt\Fallstudie_Hotel\frontend\themes\hotel\views\registration.css", "PostCSS", 0, 0, 0, 0, 0, 0, 0, 64, 0, 0, 0, 0, 8, 12, 84
"c:\Users\vikgo\Desktop\Projekt\Fallstudie_Hotel\frontend\themes\hotel\views\reports.css", "PostCSS", 0, 0, 0, 0, 0, 0, 0, 87, 0, 0, 0, 0, 9, 23, 119
"c:\Users\vikgo\Desktop\Projekt\Fallstudie_Hotel\frontend\themes\hotel\views\room-management.css", "PostCSS", 0, 0, 0, 0, 0, 0, 0, 27, 0, 0, 0, 0, 9, 8, 44
"c:\Users\vikgo\Desktop\Projekt\Fallstudie_Hotel\frontend\themes\hotel\views\user-management.css", "PostCSS", 0, 0, 0, 0, 0, 0, 0, 64, 0, 0, 0, 0, 16, 19, 99
"c:\Users\vikgo\Desktop\Projekt\Fallstudie_Hotel\package.json", "JSON", 0, 0, 0, 0, 0, 166, 0, 0, 0, 0, 0, 0, 0, 0, 166
"c:\Users\vikgo\Desktop\Projekt\Fallstudie_Hotel\pom.xml", "XML", 0, 0, 0, 97, 0, 0, 0, 0, 0, 0, 0, 0, 8, 11, 116
"c:\Users\vikgo\Desktop\Projekt\Fallstudie_Hotel\src\main\bundles\README.md", "Markdown", 0, 0, 28, 0, 0, 0, 0, 0, 0, 0, 0, 0, 0, 4, 32
"c:\Users\vikgo\Desktop\Projekt\Fallstudie_Hotel\src\main\dev-bundle\README.md", "Markdown", 0, 0, 28, 0, 0, 0, 0, 0, 0, 0, 0, 0, 0, 4, 32
"c:\Users\vikgo\Desktop\Projekt\Fallstudie_Hotel\src\main\dev-bundle\config\stats.json", "JSON", 0, 0, 0, 0, 0, 272, 0, 0, 0, 0, 0, 0, 0, 0, 272
"c:\Users\vikgo\Desktop\Projekt\Fallstudie_Hotel\src\main\dev-bundle\webapp\VAADIN\build\FlowBootstrap-feff2646.js", "JavaScript", 0, 0, 0, 0, 0, 0, 0, 0, 0, 0, 0, 4, 0, 0, 4
"c:\Users\vikgo\Desktop\Projekt\Fallstudie_Hotel\src\main\dev-bundle\webapp\VAADIN\build\FlowClient-341d667e.js", "JavaScript", 0, 0, 0, 0, 0, 0, 0, 0, 0, 0, 0, 4, 0, 0, 4
"c:\Users\vikgo\Desktop\Projekt\Fallstudie_Hotel\src\main\dev-bundle\webapp\VAADIN\build\generated-flow-imports-106908f9.js", "JavaScript", 0, 0, 0, 0, 0, 0, 0, 0, 0, 0, 0, 12588, 387, 1662, 14637
"c:\Users\vikgo\Desktop\Projekt\Fallstudie_Hotel\src\main\dev-bundle\webapp\VAADIN\build\indexhtml-91eb2a0e.js", "JavaScript", 0, 0, 0, 0, 0, 0, 0, 0, 0, 0, 0, 1719, 10, 181, 1910
"c:\Users\vikgo\Desktop\Projekt\Fallstudie_Hotel\src\main\dev-bundle\webapp\VAADIN\build\vaadin-accordion-eed3b794-341a9457.js", "JavaScript", 0, 0, 0, 0, 0, 0, 0, 0, 0, 0, 0, 1, 0, 1, 2
"c:\Users\vikgo\Desktop\Projekt\Fallstudie_Hotel\src\main\dev-bundle\webapp\VAADIN\build\vaadin-accordion-heading-c0acdd6d-871eeaba.js", "JavaScript", 0, 0, 0, 0, 0, 0, 0, 0, 0, 0, 0, 4, 0, 0, 4
"c:\Users\vikgo\Desktop\Projekt\Fallstudie_Hotel\src\main\dev-bundle\webapp\VAADIN\build\vaadin-accordion-panel-616e55d6-480069c8.js", "JavaScript", 0, 0, 0, 0, 0, 0, 0, 0, 0, 0, 0, 4, 0, 0, 4
"c:\Users\vikgo\Desktop\Projekt\Fallstudie_Hotel\src\main\dev-bundle\webapp\VAADIN\build\vaadin-app-layout-e56de2e9-a2d25fa7.js", "JavaScript", 0, 0, 0, 0, 0, 0, 0, 0, 0, 0, 0, 1, 0, 1, 2
"c:\Users\vikgo\Desktop\Projekt\Fallstudie_Hotel\src\main\dev-bundle\webapp\VAADIN\build\vaadin-avatar-7599297d-f7e1161e.js", "JavaScript", 0, 0, 0, 0, 0, 0, 0, 0, 0, 0, 0, 1, 0, 1, 2
"c:\Users\vikgo\Desktop\Projekt\Fallstudie_Hotel\src\main\dev-bundle\webapp\VAADIN\build\vaadin-big-decimal-field-e51def24-bf9a2c6b.js", "JavaScript", 0, 0, 0, 0, 0, 0, 0, 0, 0, 0, 0, 1, 0, 1, 2
"c:\Users\vikgo\Desktop\Projekt\Fallstudie_Hotel\src\main\dev-bundle\webapp\VAADIN\build\vaadin-board-828ebdea-ef5613cb.js", "JavaScript", 0, 0, 0, 0, 0, 0, 0, 0, 0, 0, 0, 1, 0, 1, 2
"c:\Users\vikgo\Desktop\Projekt\Fallstudie_Hotel\src\main\dev-bundle\webapp\VAADIN\build\vaadin-board-row-c70d0c55-86451afc.js", "JavaScript", 0, 0, 0, 0, 0, 0, 0, 0, 0, 0, 0, 4, 0, 0, 4
"c:\Users\vikgo\Desktop\Projekt\Fallstudie_Hotel\src\main\dev-bundle\webapp\VAADIN\build\vaadin-button-2511ad84-e59d5837.js", "JavaScript", 0, 0, 0, 0, 0, 0, 0, 0, 0, 0, 0, 1, 0, 1, 2
"c:\Users\vikgo\Desktop\Projekt\Fallstudie_Hotel\src\main\dev-bundle\webapp\VAADIN\build\vaadin-chart-5192dc15-0deb26c4.js", "JavaScript", 0, 0, 0, 0, 0, 0, 0, 0, 0, 0, 0, 1, 0, 1, 2
"c:\Users\vikgo\Desktop\Projekt\Fallstudie_Hotel\src\main\dev-bundle\webapp\VAADIN\build\vaadin-checkbox-4e68df64-de03f0a1.js", "JavaScript", 0, 0, 0, 0, 0, 0, 0, 0, 0, 0, 0, 1, 0, 1, 2
"c:\Users\vikgo\Desktop\Projekt\Fallstudie_Hotel\src\main\dev-bundle\webapp\VAADIN\build\vaadin-checkbox-group-a7c65bf2-606b2071.js", "JavaScript", 0, 0, 0, 0, 0, 0, 0, 0, 0, 0, 0, 1, 0, 1, 2
"c:\Users\vikgo\Desktop\Projekt\Fallstudie_Hotel\src\main\dev-bundle\webapp\VAADIN\build\vaadin-combo-box-96451ddd-c284978f.js", "JavaScript", 0, 0, 0, 0, 0, 0, 0, 0, 0, 0, 0, 1, 0, 1, 2
"c:\Users\vikgo\Desktop\Projekt\Fallstudie_Hotel\src\main\dev-bundle\webapp\VAADIN\build\vaadin-confirm-dialog-4d718829-f1525ec3.js", "JavaScript", 0, 0, 0, 0, 0, 0, 0, 0, 0, 0, 0, 1, 0, 1, 2
"c:\Users\vikgo\Desktop\Projekt\Fallstudie_Hotel\src\main\dev-bundle\webapp\VAADIN\build\vaadin-cookie-consent-46c09f8b-4c291561.js", "JavaScript", 0, 0, 0, 0, 0, 0, 0, 0, 0, 0, 0, 1, 0, 1, 2
"c:\Users\vikgo\Desktop\Projekt\Fallstudie_Hotel\src\main\dev-bundle\webapp\VAADIN\build\vaadin-crud-8d161a22-319e10b4.js", "JavaScript", 0, 0, 0, 0, 0, 0, 0, 0, 0, 0, 0, 1, 0, 1, 2
"c:\Users\vikgo\Desktop\Projekt\Fallstudie_Hotel\src\main\dev-bundle\webapp\VAADIN\build\vaadin-custom-field-42c85b9e-b404b460.js", "JavaScript", 0, 0, 0, 0, 0, 0, 0, 0, 0, 0, 0, 1, 0, 1, 2
"c:\Users\vikgo\Desktop\Projekt\Fallstudie_Hotel\src\main\dev-bundle\webapp\VAADIN\build\vaadin-date-picker-f2001167-66a2399a.js", "JavaScript", 0, 0, 0, 0, 0, 0, 0, 0, 0, 0, 0, 1, 0, 1, 2
"c:\Users\vikgo\Desktop\Projekt\Fallstudie_Hotel\src\main\dev-bundle\webapp\VAADIN\build\vaadin-date-time-picker-c8c047a7-c2ddcb0a.js", "JavaScript", 0, 0, 0, 0, 0, 0, 0, 0, 0, 0, 0, 1, 0, 1, 2
"c:\Users\vikgo\Desktop\Projekt\Fallstudie_Hotel\src\main\dev-bundle\webapp\VAADIN\build\vaadin-details-bf336660-457d88d8.js", "JavaScript", 0, 0, 0, 0, 0, 0, 0, 0, 0, 0, 0, 1, 0, 1, 2
"c:\Users\vikgo\Desktop\Projekt\Fallstudie_Hotel\src\main\dev-bundle\webapp\VAADIN\build\vaadin-details-summary-351a1448-708ab43d.js", "JavaScript", 0, 0, 0, 0, 0, 0, 0, 0, 0, 0, 0, 1, 0, 1, 2
"c:\Users\vikgo\Desktop\Projekt\Fallstudie_Hotel\src\main\dev-bundle\webapp\VAADIN\build\vaadin-dialog-53253a08-0ee53317.js", "JavaScript", 0, 0, 0, 0, 0, 0, 0, 0, 0, 0, 0, 1, 0, 1, 2
"c:\Users\vikgo\Desktop\Projekt\Fallstudie_Hotel\src\main\dev-bundle\webapp\VAADIN\build\vaadin-email-field-d7a35f04-8443479d.js", "JavaScript", 0, 0, 0, 0, 0, 0, 0, 0, 0, 0, 0, 1, 0, 1, 2
"c:\Users\vikgo\Desktop\Projekt\Fallstudie_Hotel\src\main\dev-bundle\webapp\VAADIN\build\vaadin-form-layout-47744b1d-3bf9f3af.js", "JavaScript", 0, 0, 0, 0, 0, 0, 0, 0, 0, 0, 0, 1, 0, 1, 2
"c:\Users\vikgo\Desktop\Projekt\Fallstudie_Hotel\src\main\dev-bundle\webapp\VAADIN\build\vaadin-grid-0a4791c2-e246da2e.js", "JavaScript", 0, 0, 0, 0, 0, 0, 0, 0, 0, 0, 0, 1, 0, 1, 2
"c:\Users\vikgo\Desktop\Projekt\Fallstudie_Hotel\src\main\dev-bundle\webapp\VAADIN\build\vaadin-grid-pro-ff415555-cf3b530f.js", "JavaScript", 0, 0, 0, 0, 0, 0, 0, 0, 0, 0, 0, 1, 0, 1, 2
"c:\Users\vikgo\Desktop\Projekt\Fallstudie_Hotel\src\main\dev-bundle\webapp\VAADIN\build\vaadin-horizontal-layout-3193943f-17310b98.js", "JavaScript", 0, 0, 0, 0, 0, 0, 0, 0, 0, 0, 0, 1, 0, 1, 2
"c:\Users\vikgo\Desktop\Projekt\Fallstudie_Hotel\src\main\dev-bundle\webapp\VAADIN\build\vaadin-icon-601f36ed-0be87ee2.js", "JavaScript", 0, 0, 0, 0, 0, 0, 0, 0, 0, 0, 0, 1, 0, 1, 2
"c:\Users\vikgo\Desktop\Projekt\Fallstudie_Hotel\src\main\dev-bundle\webapp\VAADIN\build\vaadin-integer-field-85078932-1b651849.js", "JavaScript", 0, 0, 0, 0, 0, 0, 0, 0, 0, 0, 0, 1, 0, 1, 2
"c:\Users\vikgo\Desktop\Projekt\Fallstudie_Hotel\src\main\dev-bundle\webapp\VAADIN\build\vaadin-list-box-d7a8433b-1c8cd901.js", "JavaScript", 0, 0, 0, 0, 0, 0, 0, 0, 0, 0, 0, 1, 0, 1, 2
"c:\Users\vikgo\Desktop\Projekt\Fallstudie_Hotel\src\main\dev-bundle\webapp\VAADIN\build\vaadin-login-form-638996c6-d985e2e5.js", "JavaScript", 0, 0, 0, 0, 0, 0, 0, 0, 0, 0, 0, 1, 0, 1, 2
"c:\Users\vikgo\Desktop\Projekt\Fallstudie_Hotel\src\main\dev-bundle\webapp\VAADIN\build\vaadin-login-overlay-f8a5db8a-42afc85d.js", "JavaScript", 0, 0, 0, 0, 0, 0, 0, 0, 0, 0, 0, 1, 0, 1, 2
"c:\Users\vikgo\Desktop\Projekt\Fallstudie_Hotel\src\main\dev-bundle\webapp\VAADIN\build\vaadin-map-d40a0116-fcfe403e.js", "JavaScript", 0, 0, 0, 0, 0, 0, 0, 0, 0, 0, 0, 1, 0, 1, 2
"c:\Users\vikgo\Desktop\Projekt\Fallstudie_Hotel\src\main\dev-bundle\webapp\VAADIN\build\vaadin-menu-bar-3f5ab096-66a2580d.js", "JavaScript", 0, 0, 0, 0, 0, 0, 0, 0, 0, 0, 0, 1, 0, 1, 2
"c:\Users\vikgo\Desktop\Projekt\Fallstudie_Hotel\src\main\dev-bundle\webapp\VAADIN\build\vaadin-message-input-996ac37c-5edc8590.js", "JavaScript", 0, 0, 0, 0, 0, 0, 0, 0, 0, 0, 0, 1, 0, 1, 2
"c:\Users\vikgo\Desktop\Projekt\Fallstudie_Hotel\src\main\dev-bundle\webapp\VAADIN\build\vaadin-message-list-70a435ba-cd6aa457.js", "JavaScript", 0, 0, 0, 0, 0, 0, 0, 0, 0, 0, 0, 1, 0, 1, 2
"c:\Users\vikgo\Desktop\Projekt\Fallstudie_Hotel\src\main\dev-bundle\webapp\VAADIN\build\vaadin-multi-select-combo-box-a3373557-1ad98980.js", "JavaScript", 0, 0, 0, 0, 0, 0, 0, 0, 0, 0, 0, 1, 0, 1, 2
"c:\Users\vikgo\Desktop\Projekt\Fallstudie_Hotel\src\main\dev-bundle\webapp\VAADIN\build\vaadin-notification-bd6eb776-81e37d12.js", "JavaScript", 0, 0, 0, 0, 0, 0, 0, 0, 0, 0, 0, 1, 0, 1, 2
"c:\Users\vikgo\Desktop\Projekt\Fallstudie_Hotel\src\main\dev-bundle\webapp\VAADIN\build\vaadin-number-field-cb3ee8b2-6178484e.js", "JavaScript", 0, 0, 0, 0, 0, 0, 0, 0, 0, 0, 0, 1, 0, 1, 2
"c:\Users\vikgo\Desktop\Projekt\Fallstudie_Hotel\src\main\dev-bundle\webapp\VAADIN\build\vaadin-password-field-d289cb18-ca613e5e.js", "JavaScript", 0, 0, 0, 0, 0, 0, 0, 0, 0, 0, 0, 1, 0, 1, 2
"c:\Users\vikgo\Desktop\Projekt\Fallstudie_Hotel\src\main\dev-bundle\webapp\VAADIN\build\vaadin-progress-bar-309ecf1f-274340d1.js", "JavaScript", 0, 0, 0, 0, 0, 0, 0, 0, 0, 0, 0, 1, 0, 1, 2
"c:\Users\vikgo\Desktop\Projekt\Fallstudie_Hotel\src\main\dev-bundle\webapp\VAADIN\build\vaadin-radio-group-88b5afd8-378ab685.js", "JavaScript", 0, 0, 0, 0, 0, 0, 0, 0, 0, 0, 0, 1, 0, 1, 2
"c:\Users\vikgo\Desktop\Projekt\Fallstudie_Hotel\src\main\dev-bundle\webapp\VAADIN\build\vaadin-rich-text-editor-8cd892f2-e72983b5.js", "JavaScript", 0, 0, 0, 0, 0, 0, 0, 0, 0, 0, 0, 1, 0, 1, 2
"c:\Users\vikgo\Desktop\Projekt\Fallstudie_Hotel\src\main\dev-bundle\webapp\VAADIN\build\vaadin-scroller-35e68818-0566c0ec.js", "JavaScript", 0, 0, 0, 0, 0, 0, 0, 0, 0, 0, 0, 1, 0, 1, 2
"c:\Users\vikgo\Desktop\Projekt\Fallstudie_Hotel\src\main\dev-bundle\webapp\VAADIN\build\vaadin-select-df6e9947-5abad914.js", "JavaScript", 0, 0, 0, 0, 0, 0, 0, 0, 0, 0, 0, 1, 0, 1, 2
"c:\Users\vikgo\Desktop\Projekt\Fallstudie_Hotel\src\main\dev-bundle\webapp\VAADIN\build\vaadin-side-nav-ba80d91d-fdbdb84a.js", "JavaScript", 0, 0, 0, 0, 0, 0, 0, 0, 0, 0, 0, 1, 0, 1, 2
"c:\Users\vikgo\Desktop\Projekt\Fallstudie_Hotel\src\main\dev-bundle\webapp\VAADIN\build\vaadin-side-nav-item-34918f92-11bed14d.js", "JavaScript", 0, 0, 0, 0, 0, 0, 0, 0, 0, 0, 0, 4, 0, 0, 4
"c:\Users\vikgo\Desktop\Projekt\Fallstudie_Hotel\src\main\dev-bundle\webapp\VAADIN\build\vaadin-split-layout-80c92131-355c5ade.js", "JavaScript", 0, 0, 0, 0, 0, 0, 0, 0, 0, 0, 0, 1, 0, 1, 2
"c:\Users\vikgo\Desktop\Projekt\Fallstudie_Hotel\src\main\dev-bundle\webapp\VAADIN\build\vaadin-spreadsheet-59d8c5ef-ed96b905.js", "JavaScript", 0, 0, 0, 0, 0, 0, 0, 0, 0, 0, 0, 1, 0, 1, 2
"c:\Users\vikgo\Desktop\Projekt\Fallstudie_Hotel\src\main\dev-bundle\webapp\VAADIN\build\vaadin-tab-aaf32809-efeaf406.js", "JavaScript", 0, 0, 0, 0, 0, 0, 0, 0, 0, 0, 0, 3, 0, 0, 3
"c:\Users\vikgo\Desktop\Projekt\Fallstudie_Hotel\src\main\dev-bundle\webapp\VAADIN\build\vaadin-tabs-d9a5e24e-4b0edac8.js", "JavaScript", 0, 0, 0, 0, 0, 0, 0, 0, 0, 0, 0, 1, 0, 1, 2
"c:\Users\vikgo\Desktop\Projekt\Fallstudie_Hotel\src\main\dev-bundle\webapp\VAADIN\build\vaadin-tabsheet-dd99ed9a-82f72272.js", "JavaScript", 0, 0, 0, 0, 0, 0, 0, 0, 0, 0, 0, 1, 0, 1, 2
"c:\Users\vikgo\Desktop\Projekt\Fallstudie_Hotel\src\main\dev-bundle\webapp\VAADIN\build\vaadin-text-area-83627ebc-b2d0cf09.js", "JavaScript", 0, 0, 0, 0, 0, 0, 0, 0, 0, 0, 0, 1, 0, 1, 2
"c:\Users\vikgo\Desktop\Projekt\Fallstudie_Hotel\src\main\dev-bundle\webapp\VAADIN\build\vaadin-text-field-0b3db014-9b0e4878.js", "JavaScript", 0, 0, 0, 0, 0, 0, 0, 0, 0, 0, 0, 1, 0, 1, 2
"c:\Users\vikgo\Desktop\Projekt\Fallstudie_Hotel\src\main\dev-bundle\webapp\VAADIN\build\vaadin-time-picker-715ec415-617e555b.js", "JavaScript", 0, 0, 0, 0, 0, 0, 0, 0, 0, 0, 0, 1, 0, 1, 2
"c:\Users\vikgo\Desktop\Projekt\Fallstudie_Hotel\src\main\dev-bundle\webapp\VAADIN\build\vaadin-upload-d3c162ed-5e069fb4.js", "JavaScript", 0, 0, 0, 0, 0, 0, 0, 0, 0, 0, 0, 1, 0, 1, 2
"c:\Users\vikgo\Desktop\Projekt\Fallstudie_Hotel\src\main\dev-bundle\webapp\VAADIN\build\vaadin-vertical-layout-ad4174c4-1b83314f.js", "JavaScript", 0, 0, 0, 0, 0, 0, 0, 0, 0, 0, 0, 1, 0, 1, 2
"c:\Users\vikgo\Desktop\Projekt\Fallstudie_Hotel\src\main\dev-bundle\webapp\VAADIN\build\vaadin-virtual-list-96896203-1f910dac.js", "JavaScript", 0, 0, 0, 0, 0, 0, 0, 0, 0, 0, 0, 1, 0, 1, 2
"c:\Users\vikgo\Desktop\Projekt\Fallstudie_Hotel\src\main\dev-bundle\webapp\index.html", "HTML", 0, 0, 0, 0, 0, 0, 0, 0, 18, 0, 0, 0, 5, 3, 26
"c:\Users\vikgo\Desktop\Projekt\Fallstudie_Hotel\src\main\java\com\hotel\booking\HotelBookingApplication.java", "Java", 0, 0, 0, 0, 0, 0, 0, 0, 0, 9, 0, 0, 0, 4, 13
"c:\Users\vikgo\Desktop\Projekt\Fallstudie_Hotel\src\main\java\com\hotel\booking\entity\AdressEmbeddable.java", "Java", 0, 0, 0, 0, 0, 0, 0, 0, 0, 53, 0, 0, 2, 18, 73
"c:\Users\vikgo\Desktop\Projekt\Fallstudie_Hotel\src\main\java\com\hotel\booking\entity\Amenities.java", "Java", 0, 0, 0, 0, 0, 0, 0, 0, 0, 8, 0, 0, 3, 2, 13
"c:\Users\vikgo\Desktop\Projekt\Fallstudie_Hotel\src\main\java\com\hotel\booking\entity\Booking.java", "Java", 0, 0, 0, 0, 0, 0, 0, 0, 0, 167, 0, 0, 55, 57, 279
"c:\Users\vikgo\Desktop\Projekt\Fallstudie_Hotel\src\main\java\com\hotel\booking\entity\BookingCancellation.java", "Java", 0, 0, 0, 0, 0, 0, 0, 0, 0, 84, 0, 0, 2, 24, 110
"c:\Users\vikgo\Desktop\Projekt\Fallstudie_Hotel\src\main\java\com\hotel\booking\entity\BookingExtra.java", "Java", 0, 0, 0, 0, 0, 0, 0, 0, 0, 87, 0, 0, 4, 28, 119
"c:\Users\vikgo\Desktop\Projekt\Fallstudie_Hotel\src\main\java\com\hotel\booking\entity\BookingModification.java", "Java", 0, 0, 0, 0, 0, 0, 0, 0, 0, 101, 0, 0, 2, 32, 135
"c:\Users\vikgo\Desktop\Projekt\Fallstudie_Hotel\src\main\java\com\hotel\booking\entity\BookingStatus.java", "Java", 0, 0, 0, 0, 0, 0, 0, 0, 0, 9, 0, 0, 0, 3, 12
"c:\Users\vikgo\Desktop\Projekt\Fallstudie_Hotel\src\main\java\com\hotel\booking\entity\ExtraTypeEnum.java", "Java", 0, 0, 0, 0, 0, 0, 0, 0, 0, 11, 0, 0, 1, 1, 13
"c:\Users\vikgo\Desktop\Projekt\Fallstudie_Hotel\src\main\java\com\hotel\booking\entity\Feedback.java", "Java", 0, 0, 0, 0, 0, 0, 0, 0, 0, 96, 0, 0, 11, 26, 133
"c:\Users\vikgo\Desktop\Projekt\Fallstudie_Hotel\src\main\java\com\hotel\booking\entity\Guest.java", "Java", 0, 0, 0, 0, 0, 0, 0, 0, 0, 98, 0, 0, 16, 31, 145
"c:\Users\vikgo\Desktop\Projekt\Fallstudie_Hotel\src\main\java\com\hotel\booking\entity\Invoice.java", "Java", 0, 0, 0, 0, 0, 0, 0, 0, 0, 147, 0, 0, 10, 36, 193
"c:\Users\vikgo\Desktop\Projekt\Fallstudie_Hotel\src\main\java\com\hotel\booking\entity\PasswordResetToken.java", "Java", 0, 0, 0, 0, 0, 0, 0, 0, 0, 39, 0, 0, 0, 14, 53
"c:\Users\vikgo\Desktop\Projekt\Fallstudie_Hotel\src\main\java\com\hotel\booking\entity\Payment.java", "Java", 0, 0, 0, 0, 0, 0, 0, 0, 0, 140, 0, 0, 12, 35, 187
"c:\Users\vikgo\Desktop\Projekt\Fallstudie_Hotel\src\main\java\com\hotel\booking\entity\Report.java", "Java", 0, 0, 0, 0, 0, 0, 0, 0, 0, 55, 0, 0, 11, 21, 87
"c:\Users\vikgo\Desktop\Projekt\Fallstudie_Hotel\src\main\java\com\hotel\booking\entity\Room.java", "Java", 0, 0, 0, 0, 0, 0, 0, 0, 0, 116, 0, 0, 11, 34, 161
"c:\Users\vikgo\Desktop\Projekt\Fallstudie_Hotel\src\main\java\com\hotel\booking\entity\RoomCategory.java", "Java", 0, 0, 0, 0, 0, 0, 0, 0, 0, 130, 0, 0, 4, 36, 170
"c:\Users\vikgo\Desktop\Projekt\Fallstudie_Hotel\src\main\java\com\hotel\booking\entity\RoomImage.java", "Java", 0, 0, 0, 0, 0, 0, 0, 0, 0, 96, 0, 0, 0, 29, 125
"c:\Users\vikgo\Desktop\Projekt\Fallstudie_Hotel\src\main\java\com\hotel\booking\entity\RoomStatus.java", "Java", 0, 0, 0, 0, 0, 0, 0, 0, 0, 20, 0, 0, 3, 6, 29
"c:\Users\vikgo\Desktop\Projekt\Fallstudie_Hotel\src\main\java\com\hotel\booking\entity\User.java", "Java", 0, 0, 0, 0, 0, 0, 0, 0, 0, 151, 0, 0, 24, 48, 223
"c:\Users\vikgo\Desktop\Projekt\Fallstudie_Hotel\src\main\java\com\hotel\booking\entity\UserRole.java", "Java", 0, 0, 0, 0, 0, 0, 0, 0, 0, 4, 0, 0, 1, 1, 6
"c:\Users\vikgo\Desktop\Projekt\Fallstudie_Hotel\src\main\java\com\hotel\booking\repository\BookingCancellationRepository.java", "Java", 0, 0, 0, 0, 0, 0, 0, 0, 0, 12, 0, 0, 1, 7, 20
"c:\Users\vikgo\Desktop\Projekt\Fallstudie_Hotel\src\main\java\com\hotel\booking\repository\BookingExtraRepository.java", "Java", 0, 0, 0, 0, 0, 0, 0, 0, 0, 7, 0, 0, 1, 1, 9
"c:\Users\vikgo\Desktop\Projekt\Fallstudie_Hotel\src\main\java\com\hotel\booking\repository\BookingModificationRepository.java", "Java", 0, 0, 0, 0, 0, 0, 0, 0, 0, 12, 0, 0, 1, 7, 20
"c:\Users\vikgo\Desktop\Projekt\Fallstudie_Hotel\src\main\java\com\hotel\booking\repository\BookingRepository.java", "Java", 0, 0, 0, 0, 0, 0, 0, 0, 0, 57, 0, 0, 10, 22, 89
"c:\Users\vikgo\Desktop\Projekt\Fallstudie_Hotel\src\main\java\com\hotel\booking\repository\FeedbackRepository.java", "Java", 0, 0, 0, 0, 0, 0, 0, 0, 0, 17, 0, 0, 10, 11, 38
"c:\Users\vikgo\Desktop\Projekt\Fallstudie_Hotel\src\main\java\com\hotel\booking\repository\GuestRepository.java", "Java", 0, 0, 0, 0, 0, 0, 0, 0, 0, 18, 0, 0, 11, 12, 41
"c:\Users\vikgo\Desktop\Projekt\Fallstudie_Hotel\src\main\java\com\hotel\booking\repository\InvoiceRepository.java", "Java", 0, 0, 0, 0, 0, 0, 0, 0, 0, 22, 0, 0, 11, 11, 44
"c:\Users\vikgo\Desktop\Projekt\Fallstudie_Hotel\src\main\java\com\hotel\booking\repository\PasswordResetTokenRepository.java", "Java", 0, 0, 0, 0, 0, 0, 0, 0, 0, 9, 0, 0, 0, 5, 14
"c:\Users\vikgo\Desktop\Projekt\Fallstudie_Hotel\src\main\java\com\hotel\booking\repository\PaymentRepository.java", "Java", 0, 0, 0, 0, 0, 0, 0, 0, 0, 18, 0, 0, 12, 11, 41
"c:\Users\vikgo\Desktop\Projekt\Fallstudie_Hotel\src\main\java\com\hotel\booking\repository\ReportRepository.java", "Java", 0, 0, 0, 0, 0, 0, 0, 0, 0, 15, 0, 0, 9, 9, 33
"c:\Users\vikgo\Desktop\Projekt\Fallstudie_Hotel\src\main\java\com\hotel\booking\repository\RoomCategoryRepository.java", "Java", 0, 0, 0, 0, 0, 0, 0, 0, 0, 9, 0, 0, 2, 4, 15
"c:\Users\vikgo\Desktop\Projekt\Fallstudie_Hotel\src\main\java\com\hotel\booking\repository\RoomImageRepository.java", "Java", 0, 0, 0, 0, 0, 0, 0, 0, 0, 8, 0, 0, 8, 10, 26
"c:\Users\vikgo\Desktop\Projekt\Fallstudie_Hotel\src\main\java\com\hotel\booking\repository\RoomRepository.java", "Java", 0, 0, 0, 0, 0, 0, 0, 0, 0, 13, 0, 0, 4, 7, 24
"c:\Users\vikgo\Desktop\Projekt\Fallstudie_Hotel\src\main\java\com\hotel\booking\repository\UserRepository.java", "Java", 0, 0, 0, 0, 0, 0, 0, 0, 0, 17, 0, 0, 12, 11, 40
"c:\Users\vikgo\Desktop\Projekt\Fallstudie_Hotel\src\main\java\com\hotel\booking\security\BcryptPasswordEncoder.java", "Java", 0, 0, 0, 0, 0, 0, 0, 0, 0, 46, 0, 0, 50, 12, 108
"c:\Users\vikgo\Desktop\Projekt\Fallstudie_Hotel\src\main\java\com\hotel\booking\security\SessionService.java", "Java", 0, 0, 0, 0, 0, 0, 0, 0, 0, 40, 0, 0, 0, 12, 52
"c:\Users\vikgo\Desktop\Projekt\Fallstudie_Hotel\src\main\java\com\hotel\booking\service\BookingCancellationService.java", "Java", 0, 0, 0, 0, 0, 0, 0, 0, 0, 33, 0, 0, 6, 8, 47
"c:\Users\vikgo\Desktop\Projekt\Fallstudie_Hotel\src\main\java\com\hotel\booking\service\BookingExtraService.java", "Java", 0, 0, 0, 0, 0, 0, 0, 0, 0, 27, 0, 0, 0, 9, 36
"c:\Users\vikgo\Desktop\Projekt\Fallstudie_Hotel\src\main\java\com\hotel\booking\service\BookingFormService.java", "Java", 0, 0, 0, 0, 0, 0, 0, 0, 0, 34, 0, 0, 2, 14, 50
"c:\Users\vikgo\Desktop\Projekt\Fallstudie_Hotel\src\main\java\com\hotel\booking\service\BookingModificationService.java", "Java", 0, 0, 0, 0, 0, 0, 0, 0, 0, 33, 0, 0, 4, 8, 45
"c:\Users\vikgo\Desktop\Projekt\Fallstudie_Hotel\src\main\java\com\hotel\booking\service\BookingService.java", "Java", 0, 0, 0, 0, 0, 0, 0, 0, 0, 201, 0, 0, 26, 55, 282
"c:\Users\vikgo\Desktop\Projekt\Fallstudie_Hotel\src\main\java\com\hotel\booking\service\EmailService.java", "Java", 0, 0, 0, 0, 0, 0, 0, 0, 0, 34, 0, 0, 0, 9, 43
"c:\Users\vikgo\Desktop\Projekt\Fallstudie_Hotel\src\main\java\com\hotel\booking\service\FeedbackService.java", "Java", 0, 0, 0, 0, 0, 0, 0, 0, 0, 12, 0, 0, 0, 4, 16
"c:\Users\vikgo\Desktop\Projekt\Fallstudie_Hotel\src\main\java\com\hotel\booking\service\InvoiceService.java", "Java", 0, 0, 0, 0, 0, 0, 0, 0, 0, 11, 0, 0, 0, 4, 15
"c:\Users\vikgo\Desktop\Projekt\Fallstudie_Hotel\src\main\java\com\hotel\booking\service\PasswordResetService.java", "Java", 0, 0, 0, 0, 0, 0, 0, 0, 0, 103, 0, 0, 12, 18, 133
"c:\Users\vikgo\Desktop\Projekt\Fallstudie_Hotel\src\main\java\com\hotel\booking\service\PaymentService.java", "Java", 0, 0, 0, 0, 0, 0, 0, 0, 0, 12, 0, 0, 0, 4, 16
"c:\Users\vikgo\Desktop\Projekt\Fallstudie_Hotel\src\main\java\com\hotel\booking\service\ReportService.java", "Java", 0, 0, 0, 0, 0, 0, 0, 0, 0, 190, 0, 0, 60, 47, 297
"c:\Users\vikgo\Desktop\Projekt\Fallstudie_Hotel\src\main\java\com\hotel\booking\service\RoomCategoryService.java", "Java", 0, 0, 0, 0, 0, 0, 0, 0, 0, 265, 0, 0, 34, 65, 364
"c:\Users\vikgo\Desktop\Projekt\Fallstudie_Hotel\src\main\java\com\hotel\booking\service\RoomService.java", "Java", 0, 0, 0, 0, 0, 0, 0, 0, 0, 211, 0, 0, 30, 58, 299
"c:\Users\vikgo\Desktop\Projekt\Fallstudie_Hotel\src\main\java\com\hotel\booking\service\UserService.java", "Java", 0, 0, 0, 0, 0, 0, 0, 0, 0, 251, 0, 0, 45, 63, 359
"c:\Users\vikgo\Desktop\Projekt\Fallstudie_Hotel\src\main\java\com\hotel\booking\service\impl\FeedbackServiceImpl.java", "Java", 0, 0, 0, 0, 0, 0, 0, 0, 0, 44, 0, 0, 0, 13, 57
"c:\Users\vikgo\Desktop\Projekt\Fallstudie_Hotel\src\main\java\com\hotel\booking\service\impl\InvoiceServiceImpl.java", "Java", 0, 0, 0, 0, 0, 0, 0, 0, 0, 39, 0, 0, 0, 12, 51
"c:\Users\vikgo\Desktop\Projekt\Fallstudie_Hotel\src\main\java\com\hotel\booking\service\impl\PaymentServiceImpl.java", "Java", 0, 0, 0, 0, 0, 0, 0, 0, 0, 44, 0, 0, 0, 13, 57
"c:\Users\vikgo\Desktop\Projekt\Fallstudie_Hotel\src\main\java\com\hotel\booking\view\BookingManagementView.java", "Java", 0, 0, 0, 0, 0, 0, 0, 0, 0, 214, 0, 0, 26, 65, 305
"c:\Users\vikgo\Desktop\Projekt\Fallstudie_Hotel\src\main\java\com\hotel\booking\view\DashboardView.java", "Java", 0, 0, 0, 0, 0, 0, 0, 0, 0, 200, 0, 0, 13, 58, 271
"c:\Users\vikgo\Desktop\Projekt\Fallstudie_Hotel\src\main\java\com\hotel\booking\view\EmailTestView.java", "Java", 0, 0, 0, 0, 0, 0, 0, 0, 0, 39, 0, 0, 0, 9, 48
"c:\Users\vikgo\Desktop\Projekt\Fallstudie_Hotel\src\main\java\com\hotel\booking\view\FeedbackView.java", "Java", 0, 0, 0, 0, 0, 0, 0, 0, 0, 134, 0, 0, 22, 35, 191
"c:\Users\vikgo\Desktop\Projekt\Fallstudie_Hotel\src\main\java\com\hotel\booking\view\GuestPortalView.java", "Java", 0, 0, 0, 0, 0, 0, 0, 0, 0, 181, 0, 0, 20, 39, 240
"c:\Users\vikgo\Desktop\Projekt\Fallstudie_Hotel\src\main\java\com\hotel\booking\view\ImageUploadView.java", "Java", 0, 0, 0, 0, 0, 0, 0, 0, 0, 221, 0, 0, 16, 53, 290
"c:\Users\vikgo\Desktop\Projekt\Fallstudie_Hotel\src\main\java\com\hotel\booking\view\InvoiceView.java", "Java", 0, 0, 0, 0, 0, 0, 0, 0, 0, 155, 0, 0, 21, 36, 212
"c:\Users\vikgo\Desktop\Projekt\Fallstudie_Hotel\src\main\java\com\hotel\booking\view\LoginView.java", "Java", 0, 0, 0, 0, 0, 0, 0, 0, 0, 128, 0, 0, 20, 26, 174
"c:\Users\vikgo\Desktop\Projekt\Fallstudie_Hotel\src\main\java\com\hotel\booking\view\MainLayout.java", "Java", 0, 0, 0, 0, 0, 0, 0, 0, 0, 149, 0, 0, 17, 37, 203
"c:\Users\vikgo\Desktop\Projekt\Fallstudie_Hotel\src\main\java\com\hotel\booking\view\MyBookingsView.java", "Java", 0, 0, 0, 0, 0, 0, 0, 0, 0, 205, 0, 0, 32, 55, 292
"c:\Users\vikgo\Desktop\Projekt\Fallstudie_Hotel\src\main\java\com\hotel\booking\view\MyReviewsView.java", "Java", 0, 0, 0, 0, 0, 0, 0, 0, 0, 247, 0, 0, 8, 53, 308
"c:\Users\vikgo\Desktop\Projekt\Fallstudie_Hotel\src\main\java\com\hotel\booking\view\PaymentView.java", "Java", 0, 0, 0, 0, 0, 0, 0, 0, 0, 71, 0, 0, 4, 14, 89
"c:\Users\vikgo\Desktop\Projekt\Fallstudie_Hotel\src\main\java\com\hotel\booking\view\RegistrationView.java", "Java", 0, 0, 0, 0, 0, 0, 0, 0, 0, 130, 0, 0, 7, 31, 168
"c:\Users\vikgo\Desktop\Projekt\Fallstudie_Hotel\src\main\java\com\hotel\booking\view\ReportsView.java", "Java", 0, 0, 0, 0, 0, 0, 0, 0, 0, 151, 0, 0, 7, 47, 205
"c:\Users\vikgo\Desktop\Projekt\Fallstudie_Hotel\src\main\java\com\hotel\booking\view\ResetPasswordView.java", "Java", 0, 0, 0, 0, 0, 0, 0, 0, 0, 70, 0, 0, 0, 13, 83
"c:\Users\vikgo\Desktop\Projekt\Fallstudie_Hotel\src\main\java\com\hotel\booking\view\RoomManagementView.java", "Java", 0, 0, 0, 0, 0, 0, 0, 0, 0, 452, 0, 0, 26, 93, 571
"c:\Users\vikgo\Desktop\Projekt\Fallstudie_Hotel\src\main\java\com\hotel\booking\view\UserManagementView.java", "Java", 0, 0, 0, 0, 0, 0, 0, 0, 0, 300, 0, 0, 10, 73, 383
"c:\Users\vikgo\Desktop\Projekt\Fallstudie_Hotel\src\main\java\com\hotel\booking\view\components\AddUserForm.java", "Java", 0, 0, 0, 0, 0, 0, 0, 0, 0, 149, 0, 0, 18, 35, 202
"c:\Users\vikgo\Desktop\Projekt\Fallstudie_Hotel\src\main\java\com\hotel\booking\view\components\BookingDetailsDialog.java", "Java", 0, 0, 0, 0, 0, 0, 0, 0, 0, 134, 0, 0, 6, 30, 170
"c:\Users\vikgo\Desktop\Projekt\Fallstudie_Hotel\src\main\java\com\hotel\booking\view\components\CardFactory.java", "Java", 0, 0, 0, 0, 0, 0, 0, 0, 0, 130, 0, 0, 65, 45, 240
"c:\Users\vikgo\Desktop\Projekt\Fallstudie_Hotel\src\main\java\com\hotel\booking\view\components\LoginForm.java", "Java", 0, 0, 0, 0, 0, 0, 0, 0, 0, 117, 0, 0, 9, 30, 156
"c:\Users\vikgo\Desktop\Projekt\Fallstudie_Hotel\src\main\java\com\hotel\booking\view\components\RegistrationForm.java", "Java", 0, 0, 0, 0, 0, 0, 0, 0, 0, 353, 0, 0, 12, 76, 441
"c:\Users\vikgo\Desktop\Projekt\Fallstudie_Hotel\src\main\java\com\hotel\booking\view\components\RoomCard.java", "Java", 0, 0, 0, 0, 0, 0, 0, 0, 0, 209, 0, 0, 81, 48, 338
"c:\Users\vikgo\Desktop\Projekt\Fallstudie_Hotel\src\main\java\com\hotel\booking\view\components\RoomCategoryForm.java", "Java", 0, 0, 0, 0, 0, 0, 0, 0, 0, 94, 0, 0, 5, 25, 124
"c:\Users\vikgo\Desktop\Projekt\Fallstudie_Hotel\src\main\java\com\hotel\booking\view\components\RoomForm.java", "Java", 0, 0, 0, 0, 0, 0, 0, 0, 0, 104, 0, 0, 8, 25, 137
"c:\Users\vikgo\Desktop\Projekt\Fallstudie_Hotel\src\main\java\com\hotel\booking\view\components\RoomGrid.java", "Java", 0, 0, 0, 0, 0, 0, 0, 0, 0, 26, 0, 0, 13, 10, 49
"c:\Users\vikgo\Desktop\Projekt\Fallstudie_Hotel\src\main\java\com\hotel\booking\view\createNewBookingForm.java", "Java", 0, 0, 0, 0, 0, 0, 0, 0, 0, 186, 0, 0, 23, 42, 251
"c:\Users\vikgo\Desktop\Projekt\Fallstudie_Hotel\src\main\resources\data.sql", "MS SQL", 0, 0, 0, 0, 0, 0, 0, 0, 0, 0, 158, 0, 22, 30, 210
"c:\Users\vikgo\Desktop\Projekt\Fallstudie_Hotel\tsconfig.json", "JSON with Comments", 34, 0, 0, 0, 0, 0, 0, 0, 0, 0, 0, 0, 5, 1, 40
"c:\Users\vikgo\Desktop\Projekt\Fallstudie_Hotel\types.d.ts", "TypeScript", 0, 10, 0, 0, 0, 0, 0, 0, 0, 0, 0, 0, 6, 2, 18
"c:\Users\vikgo\Desktop\Projekt\Fallstudie_Hotel\vite.config.ts", "TypeScript", 0, 5, 0, 0, 0, 0, 0, 0, 0, 0, 0, 0, 2, 3, 10
"c:\Users\vikgo\Desktop\Projekt\Fallstudie_Hotel\vite.generated.ts", "TypeScript", 0, 693, 0, 0, 0, 0, 0, 0, 0, 0, 0, 0, 43, 80, 816
"Total", "-", 34, 708, 120, 97, 10, 438, 25, 1453, 35, 8034, 158, 14387, 1655, 4498, 31652